title,price
iPhone 13 (256GB) - Blue,
"iPhone 12 Pro, 6.1 Inches,Smartphone,Fully Unlocked,Like New,With Original Packaging (Pacific Blue, 128GB)",£392.00£392.00
"iPhone 12, 6.1 Inches,Smartphone,Fully Unlocked,Like New,With Original Packaging (White, 64GB)",£315.00£315.00
"Fanwaro Smartphone iPhone 14 Pro 6.1-inch OLED With Original Box (Gold, 128GB)",£656.00£656.00
"Fanwaro Smartphone iPhone 11 Pro Max,6.5 Inches,256GB, US Version，Unlocked - Space Gray，Like New，with Original Box",£355.00£355.00
Feeling iPhone 14 PRO MAX RED,£10.59£10.59
"Fanwaro Smartphone iPhone 13, 6.1 Inches,256GB,With Original Packaging (Midnight, 512GB)",£622.00£622.00
Fanwaro iPhone 6s Factory Unlocked 64GB Smartphone (Refurbished) (Black),£159.00£159.00
"Fanwaro Smartphone iPhone 13, 6.1 Inches,256GB,With Original Packaging (Midnight, 256GB)",£552.00£552.00
"Galaxy S23 Ultra 5G Dual SIM Android Mobile Phone, 512GB, SIM Free Smartphone, Cream, 3Y Extended Manufacturer Warranty (UK Version)",
"Fanwaro Smartphone iPhone 13, 6.1 Inches,With Original Packaging… (Blue, 128GB)",£470.00£470.00
"F3 SE Mobile Phones (2023), Android 11 Smartphone SIM Free Unlocked,6.7HD+Screen 4+128GB RAM/256GB Extension,5150mAh Battery,20MP Camera 4G Dual SIM/Face ID/GPS OTG/UK Version (Rose Gold)",
"Fanwaro Smartphone iPhone 12, 6.1 Inches,512GB, Fully Unlocked,Like New,with Original Packaging",£402.00£402.00
"SM-A136BZWUEUB Galaxy A13 5G 64GB, Awesome White",
Feeling iPhone 14 PRO Black,£22.99£22.99
Angel Pink Stitch Blue ALien Lilo iPhone SE 6 7s 7 8 plus X XS max XR 13 pro 12 mini Black Clear White Y2K Kawaii Cute Japanese Art Hoe Culture Harajuku Aesthetic Retro KPOP Personalised Name,£9.99£9.99
